id,lat,long,type,site,code,region
28062,37.389076,-5.984443,Dressel 20,Sevilla,CAS,Hispalis
29612,37.389076,-5.984443,Dressel 20,Sevilla,LVAGAL,Hispalis
32342,37.389076,-5.984443,Dressel 20,San Luis (SE),ROM,Hispalis
32345,37.40505,-5.988554,Dressel 20,Parlamento,MAR,Hispalis
32346,37.40505,-5.988554,Dressel 20,Parlamento,MAR,Hispalis
32348,37.40505,-5.988554,Dressel 20,Parlamento,QCC,Hispalis
13460,37.526641,-5.914275,Dressel 20,Cruz Verde,PORPAH,Hispalis
13461,37.526641,-5.914275,Dressel 20,Cruz Verde,PORPAH,Hispalis
13462,37.526641,-5.914275,Dressel 20,Cruz Verde,PORPAH,Hispalis
11015,37.536615,-5.900952,Dressel 20,Villar de Brenes,PORPAH,Hispalis
11016,37.536615,-5.900952,Dressel 20,Villar de Brenes,PORPAH,Hispalis
11017,37.536615,-5.900952,Dressel 20,Villar de Brenes,PORPAH,Hispalis
11018,37.536615,-5.900952,Dressel 20,Villar de Brenes,PORPAH,Hispalis
11019,37.536615,-5.900952,Dressel 20,Villar de Brenes,PORPAH,Hispalis
11020,37.536615,-5.900952,Dressel 20,Villar de Brenes,PORPAH,Hispalis
11021,37.536615,-5.900952,Dressel 20,Villar de Brenes,PORPAH,Hispalis
11044,37.536615,-5.900952,Dressel 20,Villar de Brenes,CFSCVFM,Hispalis
13305,37.536615,-5.900952,Dressel 20,Villar de Brenes,PORPAH,Hispalis
13306,37.536615,-5.900952,Dressel 20,Villar de Brenes,PORPAH,Hispalis
13432,37.536615,-5.900952,Dressel 20,Villar de Brenes,GAF,Hispalis
13440,37.536615,-5.900952,Dressel 20,Villar de Brenes,PORPAH,Hispalis
13441,37.536615,-5.900952,Dressel 20,Villar de Brenes,LFFV,Hispalis
13442,37.536615,-5.900952,Dressel 20,Villar de Brenes,LFFV,Hispalis
13448,37.536615,-5.900952,Dressel 20,Villar de Brenes,M,Hispalis
13140,37.581745,-5.669186,Dressel 20,Guadajoz,MSP,Hispalis
13141,37.581745,-5.669186,Dressel 20,Guadajoz,MSP,Hispalis
13610,37.581745,-5.669186,Dressel 20,Guadajoz,LSPBOEQ,Hispalis
13611,37.581745,-5.669186,Dressel 20,Guadajoz,LSPBOEQ,Hispalis
13613,37.581745,-5.669186,Dressel 20,Guadajoz,LERP,Hispalis
13128,37.583256,-5.658615,Dressel 20,Adelfa,LSPBOEQ,Hispalis
13615,37.583256,-5.658615,Dressel 20,Adelfa,LSPBOEQ,Hispalis
13616,37.583256,-5.658615,Dressel 20,Adelfa,LSPBOEQ,Hispalis
13617,37.583256,-5.658615,Dressel 20,Adelfa,LSPBOEQ,Hispalis
13619,37.583256,-5.658615,Dressel 20,Adelfa,TATILIASIATICI,Hispalis
13620,37.583256,-5.658615,Dressel 20,Adelfa,QAC,Hispalis
13621,37.583256,-5.658615,Dressel 20,Adelfa,ACHB,Hispalis
13622,37.583256,-5.658615,Dressel 20,Adelfa,GM,Hispalis
13623,37.583256,-5.658615,Dressel 20,Adelfa,ME,Hispalis
33371,37.583256,-5.658615,Dressel 20,Adelfa,LERPC,Hispalis
33373,37.583256,-5.658615,Dressel 20,Adelfa,CFS,Hispalis
33381,37.583256,-5.658615,Dressel 20,Adelfa,LSPBOEQ,Hispalis
13624,37.585268,-5.64988,Dressel 20,Juan Barba,TATILIASIATICI,Hispalis
13625,37.585268,-5.64988,Dressel 20,Juan Barba,TATILIASIATICI,Hispalis
13626,37.585268,-5.64988,Dressel 20,Juan Barba,LERPC,Hispalis
13627,37.585268,-5.64988,Dressel 20,Juan Barba,LERPC,Hispalis
10841,37.585951,-5.088429,Dressel 20,Las Delicias,CAMILISILVESTRI,Astigi
10849,37.585951,-5.088429,Dressel 20,Las Delicias,LIC,Astigi
10854,37.585951,-5.088429,Dressel 20,Las Delicias,FEL,Astigi
10855,37.585951,-5.088429,Dressel 20,Las Delicias,PSTVSC,Astigi
11051,37.585951,-5.088429,Dressel 20,Las Delicias,CAMILISILVESTRI,Astigi
11059,37.585951,-5.088429,Dressel 20,Las Delicias,PSTVSC,Astigi
11060,37.585951,-5.088429,Dressel 20,Las Delicias,LAF,Astigi
11063,37.585951,-5.088429,Dressel 20,Las Delicias,LFCCO,Astigi
12865,37.585951,-5.088429,Dressel 20,Las Delicias,PSTVSC,Astigi
12866,37.585951,-5.088429,Dressel 20,Las Delicias,LAF,Astigi
12869,37.585951,-5.088429,Dressel 20,Las Delicias,CAMILIMELISSI,Astigi
12878,37.585951,-5.088429,Dressel 20,Las Delicias,MEC,Astigi
12879,37.585951,-5.088429,Dressel 20,Las Delicias,MEC,Astigi
12882,37.585951,-5.088429,Dressel 20,Las Delicias,MAR,Astigi
38812,37.585951,-5.088429,Dressel 20,Las Delicias,FELIC,Astigi
38813,37.585951,-5.088429,Dressel 20,Las Delicias,FELIC,Astigi
38814,37.585951,-5.088429,Dressel 20,Las Delicias,FELIC,Astigi
38815,37.585951,-5.088429,Dressel 20,Las Delicias,FELIC,Astigi
38816,37.585951,-5.088429,Dressel 20,Las Delicias,FELIC,Astigi
38965,37.585951,-5.088429,Dressel 20,Las Delicias,CORBEL,Astigi
38966,37.585951,-5.088429,Dressel 20,Las Delicias,CORBEL,Astigi
13152,37.587337,-5.79237,Dressel 20,Los Villares,AVG,Hispalis
13604,37.587337,-5.79237,Dressel 20,Los Villares,PNN,Hispalis
13605,37.587337,-5.79237,Dressel 20,Los Villares,SISY,Hispalis
12525,37.588861,-5.626636,Dressel 20,Villar Tesoro,GAF,Hispalis
12794,37.588861,-5.626636,Dressel 20,Villar Tesoro,LIC,Hispalis
13124,37.588861,-5.626636,Dressel 20,Villar Tesoro,LMVE,Hispalis
13636,37.588861,-5.626636,Dressel 20,Villar Tesoro,LGG,Hispalis
13666,37.588861,-5.626636,Dressel 20,Villar Tesoro,LGG,Hispalis
13667,37.588861,-5.626636,Dressel 20,Villar Tesoro,CLMF,Hispalis
13668,37.588861,-5.626636,Dressel 20,Villar Tesoro,CLMF,Hispalis
13669,37.588861,-5.626636,Dressel 20,Villar Tesoro,LSPBOEQ,Hispalis
13094,37.605064,-5.619801,Dressel 20,Mejía,LMVE,Hispalis
13674,37.605064,-5.619801,Dressel 20,Mejía,LMVE,Hispalis
13675,37.612696,-5.60742,Dressel 20,Tostoneras,TATILIASIATICI,Hispalis
13677,37.612696,-5.60742,Dressel 20,Tostoneras,TATILIASIATICI,Hispalis
13680,37.612696,-5.60742,Dressel 20,Tostoneras,PNN,Hispalis
10868,37.614189,-5.115609,Dressel 20,Alcotrista,LFC,Astigi
10869,37.614189,-5.115609,Dressel 20,Alcotrista,LFC,Astigi
10870,37.614189,-5.115609,Dressel 20,Alcotrista,MFC,Astigi
10871,37.614189,-5.115609,Dressel 20,Alcotrista,LFC,Astigi
10873,37.614189,-5.115609,Dressel 20,Alcotrista,MFC,Astigi
10882,37.614189,-5.115609,Dressel 20,Alcotrista,LFC,Astigi
11064,37.614189,-5.115609,Dressel 20,Alcotrista,LFCCO,Astigi
11065,37.614189,-5.115609,Dressel 20,Alcotrista,LFC,Astigi
12313,37.614189,-5.115609,Dressel 20,Alcotrista,LFC,Astigi
12315,37.614189,-5.115609,Dressel 20,Alcotrista,FIGCEP,Astigi
12319,37.614189,-5.115609,Dressel 20,Alcotrista,LAGER,Astigi
12322,37.614189,-5.115609,Dressel 20,Alcotrista,LFC,Astigi
12327,37.614189,-5.115609,Dressel 20,Alcotrista,CFS,Astigi
12328,37.614189,-5.115609,Dressel 20,Alcotrista,LFC,Astigi
12329,37.614189,-5.115609,Dressel 20,Alcotrista,LFC,Astigi
12336,37.614189,-5.115609,Dressel 20,Alcotrista,AC,Astigi
12338,37.614189,-5.115609,Dressel 20,Alcotrista,CAS,Astigi
12346,37.614189,-5.115609,Dressel 20,Alcotrista,LFC,Astigi
12850,37.614189,-5.115609,Dressel 20,Alcotrista,PSTVSC,Astigi
12852,37.614189,-5.115609,Dressel 20,Alcotrista,CAS,Astigi
13107,37.61618,-5.644928,Dressel 20,El Tejarillo,DEF,Hispalis
13108,37.61618,-5.644928,Dressel 20,El Tejarillo,DEF,Hispalis
13109,37.61618,-5.644928,Dressel 20,El Tejarillo,PNN,Hispalis
13110,37.61618,-5.644928,Dressel 20,El Tejarillo,PNNF,Hispalis
13228,37.61618,-5.644928,Dressel 20,El Tejarillo,PNN,Hispalis
13229,37.61618,-5.644928,Dressel 20,El Tejarillo,PNN,Hispalis
13230,37.61618,-5.644928,Dressel 20,El Tejarillo,PNN,Hispalis
13231,37.61618,-5.644928,Dressel 20,El Tejarillo,PNN,Hispalis
13232,37.61618,-5.644928,Dressel 20,El Tejarillo,PNN,Hispalis
13233,37.61618,-5.644928,Dressel 20,El Tejarillo,PNN,Hispalis
13469,37.61618,-5.644928,Dressel 20,El Tejarillo,CLMF,Hispalis
13470,37.61618,-5.644928,Dressel 20,El Tejarillo,CLMF,Hispalis
13471,37.61618,-5.644928,Dressel 20,El Tejarillo,CLMF,Hispalis
13472,37.61618,-5.644928,Dressel 20,El Tejarillo,CLMF,Hispalis
13473,37.61618,-5.644928,Dressel 20,El Tejarillo,CLMF,Hispalis
13474,37.61618,-5.644928,Dressel 20,El Tejarillo,CLMF,Hispalis
13475,37.61618,-5.644928,Dressel 20,El Tejarillo,CLMF,Hispalis
13476,37.61618,-5.644928,Dressel 20,El Tejarillo,CLMF,Hispalis
13477,37.61618,-5.644928,Dressel 20,El Tejarillo,CLMF,Hispalis
13478,37.61618,-5.644928,Dressel 20,El Tejarillo,CLMF,Hispalis
13479,37.61618,-5.644928,Dressel 20,El Tejarillo,CLMF,Hispalis
13492,37.61618,-5.644928,Dressel 20,El Tejarillo,PNN,Hispalis
13493,37.61618,-5.644928,Dressel 20,El Tejarillo,PNN,Hispalis
13494,37.61618,-5.644928,Dressel 20,El Tejarillo,PNN,Hispalis
13495,37.61618,-5.644928,Dressel 20,El Tejarillo,PNN,Hispalis
13496,37.61618,-5.644928,Dressel 20,El Tejarillo,PNN,Hispalis
13497,37.61618,-5.644928,Dressel 20,El Tejarillo,PNNF,Hispalis
13498,37.61618,-5.644928,Dressel 20,El Tejarillo,PNNF,Hispalis
13499,37.61618,-5.644928,Dressel 20,El Tejarillo,PNNF,Hispalis
13500,37.61618,-5.644928,Dressel 20,El Tejarillo,PNN,Hispalis
13501,37.61618,-5.644928,Dressel 20,El Tejarillo,PNN,Hispalis
13502,37.61618,-5.644928,Dressel 20,El Tejarillo,PNN,Hispalis
13503,37.61618,-5.644928,Dressel 20,El Tejarillo,PNN,Hispalis
13504,37.61618,-5.644928,Dressel 20,El Tejarillo,PNN,Hispalis
13505,37.61618,-5.644928,Dressel 20,El Tejarillo,PNN,Hispalis
13506,37.61618,-5.644928,Dressel 20,El Tejarillo,PNN,Hispalis
13507,37.61618,-5.644928,Dressel 20,El Tejarillo,PNN,Hispalis
13508,37.61618,-5.644928,Dressel 20,El Tejarillo,PNN,Hispalis
13509,37.61618,-5.644928,Dressel 20,El Tejarillo,PNN,Hispalis
13510,37.61618,-5.644928,Dressel 20,El Tejarillo,PNN,Hispalis
13511,37.61618,-5.644928,Dressel 20,El Tejarillo,PNN,Hispalis
13512,37.61618,-5.644928,Dressel 20,El Tejarillo,PNN,Hispalis
13513,37.61618,-5.644928,Dressel 20,El Tejarillo,PNN,Hispalis
13514,37.61618,-5.644928,Dressel 20,El Tejarillo,PNN,Hispalis
13515,37.61618,-5.644928,Dressel 20,El Tejarillo,PNN,Hispalis
13516,37.61618,-5.644928,Dressel 20,El Tejarillo,PNN,Hispalis
13517,37.61618,-5.644928,Dressel 20,El Tejarillo,PNN,Hispalis
13518,37.61618,-5.644928,Dressel 20,El Tejarillo,PNN,Hispalis
13519,37.61618,-5.644928,Dressel 20,El Tejarillo,PNN,Hispalis
13520,37.61618,-5.644928,Dressel 20,El Tejarillo,PNN,Hispalis
13521,37.61618,-5.644928,Dressel 20,El Tejarillo,PNN,Hispalis
13522,37.61618,-5.644928,Dressel 20,El Tejarillo,PNN,Hispalis
13523,37.61618,-5.644928,Dressel 20,El Tejarillo,PNN,Hispalis
13524,37.61618,-5.644928,Dressel 20,El Tejarillo,PNNF,Hispalis
13525,37.61618,-5.644928,Dressel 20,El Tejarillo,PNNF,Hispalis
13526,37.61618,-5.644928,Dressel 20,El Tejarillo,PNNF,Hispalis
13527,37.61618,-5.644928,Dressel 20,El Tejarillo,PNNF,Hispalis
13528,37.61618,-5.644928,Dressel 20,El Tejarillo,PNNF,Hispalis
13529,37.61618,-5.644928,Dressel 20,El Tejarillo,PNNF,Hispalis
13537,37.61618,-5.644928,Dressel 20,El Tejarillo,CLMF,Hispalis
13538,37.61618,-5.644928,Dressel 20,El Tejarillo,CLMF,Hispalis
13539,37.61618,-5.644928,Dressel 20,El Tejarillo,CLMF,Hispalis
13558,37.61618,-5.644928,Dressel 20,El Tejarillo,DFF,Hispalis
13560,37.61618,-5.644928,Dressel 20,El Tejarillo,DFF,Hispalis
13561,37.61618,-5.644928,Dressel 20,El Tejarillo,DFF,Hispalis
13562,37.61618,-5.644928,Dressel 20,El Tejarillo,DFF,Hispalis
13563,37.61618,-5.644928,Dressel 20,El Tejarillo,DFN,Hispalis
13564,37.61618,-5.644928,Dressel 20,El Tejarillo,DFN,Hispalis
13565,37.61618,-5.644928,Dressel 20,El Tejarillo,DFN,Hispalis
13566,37.61618,-5.644928,Dressel 20,El Tejarillo,DFN,Hispalis
13568,37.61618,-5.644928,Dressel 20,El Tejarillo,PNPHI,Hispalis
13570,37.61618,-5.644928,Dressel 20,El Tejarillo,PNN,Hispalis
13571,37.61618,-5.644928,Dressel 20,El Tejarillo,PNN,Hispalis
13572,37.61618,-5.644928,Dressel 20,El Tejarillo,PNN,Hispalis
13573,37.61618,-5.644928,Dressel 20,El Tejarillo,PNN,Hispalis
28200,37.61618,-5.644928,Dressel 20,El Tejarillo,PNN,Hispalis
12945,37.617631,-5.556263,Dressel 20,Azanaque-Castillejo,MAR,Hispalis
12946,37.617631,-5.556263,Dressel 20,Azanaque-Castillejo,CAPF,Hispalis
12952,37.617631,-5.556263,Dressel 20,Azanaque-Castillejo,GAF,Hispalis
13683,37.617631,-5.556263,Dressel 20,Azanaque-Castillejo,GAF,Hispalis
13684,37.617631,-5.556263,Dressel 20,Azanaque-Castillejo,GAF,Hispalis
13686,37.617631,-5.556263,Dressel 20,Azanaque-Castillejo,QFA,Hispalis
13687,37.617631,-5.556263,Dressel 20,Azanaque-Castillejo,QFRMAED,Hispalis
13688,37.617631,-5.556263,Dressel 20,Azanaque-Castillejo,GAF,Hispalis
13689,37.617631,-5.556263,Dressel 20,Azanaque-Castillejo,GAF,Hispalis
13690,37.617631,-5.556263,Dressel 20,Azanaque-Castillejo,GAF,Hispalis
13691,37.617631,-5.556263,Dressel 20,Azanaque-Castillejo,GAF,Hispalis
13692,37.617631,-5.556263,Dressel 20,Azanaque-Castillejo,GAF,Hispalis
13693,37.617631,-5.556263,Dressel 20,Azanaque-Castillejo,GAF,Hispalis
13694,37.617631,-5.556263,Dressel 20,Azanaque-Castillejo,GAF,Hispalis
13695,37.617631,-5.556263,Dressel 20,Azanaque-Castillejo,GAF,Hispalis
13696,37.617631,-5.556263,Dressel 20,Azanaque-Castillejo,GAF,Hispalis
13706,37.617631,-5.556263,Dressel 20,Azanaque-Castillejo,CMM,Hispalis
13708,37.617631,-5.556263,Dressel 20,Azanaque-Castillejo,SAES,Hispalis
13709,37.617631,-5.556263,Dressel 20,Azanaque-Castillejo,MAEM,Hispalis
13710,37.617631,-5.556263,Dressel 20,Azanaque-Castillejo,MAEME,Hispalis
13712,37.617631,-5.556263,Dressel 20,Azanaque-Castillejo,MAEM,Hispalis
13714,37.617631,-5.556263,Dressel 20,Azanaque-Castillejo,CAPF,Hispalis
13715,37.617631,-5.556263,Dressel 20,Azanaque-Castillejo,CAPF,Hispalis
13716,37.617631,-5.556263,Dressel 20,Azanaque-Castillejo,CAPF,Hispalis
13717,37.617631,-5.556263,Dressel 20,Azanaque-Castillejo,CAPF,Hispalis
13718,37.617631,-5.556263,Dressel 20,Azanaque-Castillejo,CAPF,Hispalis
13725,37.617631,-5.556263,Dressel 20,Azanaque-Castillejo,ACHB,Hispalis
13726,37.617631,-5.556263,Dressel 20,Azanaque-Castillejo,ACHB,Hispalis
13728,37.617631,-5.556263,Dressel 20,Azanaque-Castillejo,CORBEL,Hispalis
13731,37.617631,-5.556263,Dressel 20,Azanaque-Castillejo,GAF,Hispalis
33345,37.617631,-5.556263,Dressel 20,Azanaque-Castillejo,GM,Hispalis
33355,37.617631,-5.556263,Dressel 20,Azanaque-Castillejo,QAEOPO,Hispalis
33360,37.617631,-5.556263,Dressel 20,Azanaque-Castillejo,QAEOPCO,Hispalis
13048,37.619781,-5.610765,Dressel 20,Peña de la Sal,MFC,Hispalis
10883,37.621484,-5.134134,Dressel 20,Isla del Castillo,MIM,Astigi
10884,37.621484,-5.134134,Dressel 20,Isla del Castillo,MIM,Astigi
10885,37.621484,-5.134134,Dressel 20,Isla del Castillo,MIM,Astigi
10886,37.621484,-5.134134,Dressel 20,Isla del Castillo,LAGER,Astigi
10887,37.621484,-5.134134,Dressel 20,Isla del Castillo,LAGER,Astigi
10888,37.621484,-5.134134,Dressel 20,Isla del Castillo,LAGER,Astigi
10890,37.621484,-5.134134,Dressel 20,Isla del Castillo,LAGER,Astigi
10893,37.621484,-5.134134,Dressel 20,Isla del Castillo,LFCCVFCAT,Astigi
10898,37.621484,-5.134134,Dressel 20,Isla del Castillo,LFCC,Astigi
10899,37.621484,-5.134134,Dressel 20,Isla del Castillo,LFCCV,Astigi
10902,37.621484,-5.134134,Dressel 20,Isla del Castillo,LFCCVFCAT,Astigi
10914,37.621484,-5.134134,Dressel 20,Isla del Castillo,LFCCVFCAT,Astigi
12386,37.621484,-5.134134,Dressel 20,Isla del Castillo,LAGER,Astigi
12387,37.621484,-5.134134,Dressel 20,Isla del Castillo,LAGER,Astigi
12388,37.621484,-5.134134,Dressel 20,Isla del Castillo,LAGER,Astigi
12845,37.621484,-5.134134,Dressel 20,Isla del Castillo,FEL,Astigi
12523,37.623647,-5.604665,Dressel 20,Arva,PNN,Hispalis
12658,37.623647,-5.604665,Dressel 20,Arva,DFN,Hispalis
12660,37.623647,-5.604665,Dressel 20,Arva,CMM,Hispalis
12962,37.623647,-5.604665,Dressel 20,Arva,QFRMAED,Hispalis
12971,37.623647,-5.604665,Dressel 20,Arva,SALS,Hispalis
12972,37.623647,-5.604665,Dressel 20,Arva,SALS,Hispalis
12975,37.623647,-5.604665,Dressel 20,Arva,MAEM,Hispalis
12978,37.623647,-5.604665,Dressel 20,Arva,LVAGAL,Hispalis
12995,37.623647,-5.604665,Dressel 20,Arva,STATI,Hispalis
13002,37.623647,-5.604665,Dressel 20,Arva,LGG,Hispalis
13003,37.623647,-5.604665,Dressel 20,Arva,LGG,Hispalis
13009,37.623647,-5.604665,Dressel 20,Arva,PNN,Hispalis
13010,37.623647,-5.604665,Dressel 20,Arva,PNN,Hispalis
13011,37.623647,-5.604665,Dressel 20,Arva,PNN,Hispalis
13012,37.623647,-5.604665,Dressel 20,Arva,PNN,Hispalis
13015,37.623647,-5.604665,Dressel 20,Arva,PNN,Hispalis
13017,37.623647,-5.604665,Dressel 20,Arva,PNNF,Hispalis
13018,37.623647,-5.604665,Dressel 20,Arva,PNN,Hispalis
13024,37.623647,-5.604665,Dressel 20,Arva,SISY,Hispalis
13031,37.623647,-5.604665,Dressel 20,Arva,PNNF,Hispalis
13032,37.623647,-5.604665,Dressel 20,Arva,PNNF,Hispalis
13033,37.623647,-5.604665,Dressel 20,Arva,NIII,Hispalis
13034,37.623647,-5.604665,Dressel 20,Arva,NIII,Hispalis
13035,37.623647,-5.604665,Dressel 20,Arva,NIII,Hispalis
13036,37.623647,-5.604665,Dressel 20,Arva,NIII,Hispalis
13037,37.623647,-5.604665,Dressel 20,Arva,PNN,Hispalis
13041,37.623647,-5.604665,Dressel 20,Arva,MIM,Hispalis
13045,37.623647,-5.604665,Dressel 20,Arva,M,Hispalis
13058,37.623647,-5.604665,Dressel 20,Arva,MEC,Hispalis
13060,37.623647,-5.604665,Dressel 20,Arva,DEF,Hispalis
13061,37.623647,-5.604665,Dressel 20,Arva,DFF,Hispalis
13073,37.623647,-5.604665,Dressel 20,Arva,CAMILISILVESTRI,Hispalis
13078,37.623647,-5.604665,Dressel 20,Arva,QAC,Hispalis
13085,37.623647,-5.604665,Dressel 20,Arva,AC,Hispalis
13086,37.623647,-5.604665,Dressel 20,Arva,AC,Hispalis
13194,37.623647,-5.604665,Dressel 20,Arva,PNN,Hispalis
13201,37.623647,-5.604665,Dressel 20,Arva,PNN,Hispalis
13202,37.623647,-5.604665,Dressel 20,Arva,PNN,Hispalis
13203,37.623647,-5.604665,Dressel 20,Arva,PNN,Hispalis
13204,37.623647,-5.604665,Dressel 20,Arva,NIII,Hispalis
13206,37.623647,-5.604665,Dressel 20,Arva,NIII,Hispalis
13210,37.623647,-5.604665,Dressel 20,Arva,PNN,Hispalis
13211,37.623647,-5.604665,Dressel 20,Arva,NIII,Hispalis
13218,37.623647,-5.604665,Dressel 20,Arva,PNN,Hispalis
13220,37.623647,-5.604665,Dressel 20,Arva,PNN,Hispalis
13222,37.623647,-5.604665,Dressel 20,Arva,AVG,Hispalis
13223,37.623647,-5.604665,Dressel 20,Arva,ME,Hispalis
13238,37.623647,-5.604665,Dressel 20,Arva,PNN,Hispalis
13465,37.623647,-5.604665,Dressel 20,Chorrillo,NIII,Hispalis
13577,37.623647,-5.604665,Dressel 20,Arva,QFA,Hispalis
13579,37.623647,-5.604665,Dressel 20,Arva,SAXOFERREO,Hispalis
13581,37.623647,-5.604665,Dressel 20,Arva,CAMILIMELISSI,Hispalis
13585,37.623647,-5.604665,Dressel 20,Arva,SALS,Hispalis
13593,37.623647,-5.604665,Dressel 20,Arva,LVAGAL,Hispalis
13598,37.623647,-5.604665,Dressel 20,Arva,LVTROPHIMI,Hispalis
13600,37.623647,-5.604665,Dressel 20,Arva,QFRMAED,Hispalis
13919,37.623647,-5.604665,Dressel 20,Arva,PNPHI,Hispalis
17701,37.623647,-5.604665,Dressel 20,Arva,LGG,Hispalis
17702,37.623647,-5.604665,Dressel 20,Arva,LGG,Hispalis
17752,37.623647,-5.604665,Dressel 20,Arva,NIII,Hispalis
17753,37.623647,-5.604665,Dressel 20,Arva,M,Hispalis
17754,37.623647,-5.604665,Dressel 20,Arva,PNN,Hispalis
17755,37.623647,-5.604665,Dressel 20,Arva,PNPHI,Hispalis
17756,37.623647,-5.604665,Dressel 20,Arva,QV,Hispalis
17757,37.623647,-5.604665,Dressel 20,Arva,SALS,Hispalis
17758,37.623647,-5.604665,Dressel 20,Arva,SISY,Hispalis
28190,37.623647,-5.604665,Dressel 20,Arva,NIII,Hispalis
28192,37.623647,-5.604665,Dressel 20,Arva,NIII,Hispalis
28209,37.623647,-5.604665,Dressel 20,Arva,PNN,Hispalis
28210,37.623647,-5.604665,Dressel 20,Arva,PNN,Hispalis
28212,37.623647,-5.604665,Dressel 20,Arva,PNN,Hispalis
28218,37.623647,-5.604665,Dressel 20,Arva,PNN,Hispalis
28226,37.623647,-5.604665,Dressel 20,Arva,PNN,Hispalis
9538,37.623647,-5.604665,Dressel 20,Arva,MAEME,Hispalis
9539,37.623647,-5.604665,Dressel 20,Arva,MAEME,Hispalis
9540,37.623647,-5.604665,Dressel 20,Arva,MAEME,Hispalis
9551,37.623647,-5.604665,Dressel 20,Arva,NIII,Hispalis
9552,37.623647,-5.604665,Dressel 20,Arva,NIII,Hispalis
9553,37.623647,-5.604665,Dressel 20,Arva,NIII,Hispalis
9555,37.623647,-5.604665,Dressel 20,Arva,PNN,Hispalis
9556,37.623647,-5.604665,Dressel 20,Arva,PNN,Hispalis
9557,37.623647,-5.604665,Dressel 20,Arva,PNN,Hispalis
9558,37.623647,-5.604665,Dressel 20,Arva,PNN,Hispalis
9559,37.623647,-5.604665,Dressel 20,Arva,PNN,Hispalis
9563,37.623647,-5.604665,Dressel 20,Arva,PNPHI,Hispalis
7176,37.624007,-5.5309285,Dressel 20,Cortijo del Alamo Alto,GAVFL,Hispalis
7177,37.624007,-5.5309285,Dressel 20,Cortijo del Alamo Alto,GAVFL,Hispalis
7178,37.624007,-5.5309285,Dressel 20,Cortijo del Alamo Alto,GAVFL,Hispalis
7179,37.624007,-5.5309285,Dressel 20,Cortijo del Alamo Alto,GAVFL,Hispalis
7180,37.624007,-5.5309285,Dressel 20,Cortijo del Alamo Alto,ILFT,Hispalis
7181,37.624007,-5.5309285,Dressel 20,Cortijo del Alamo Alto,ILFT,Hispalis
7182,37.624007,-5.5309285,Dressel 20,Cortijo del Alamo Alto,LIT,Hispalis
7183,37.624007,-5.5309285,Dressel 20,Cortijo del Alamo Alto,LIT,Hispalis
7184,37.624007,-5.5309285,Dressel 20,Cortijo del Alamo Alto,LIT,Hispalis
7185,37.624007,-5.5309285,Dressel 20,Cortijo del Alamo Alto,LIT,Hispalis
7186,37.624007,-5.5309285,Dressel 20,Cortijo del Alamo Alto,LIT,Hispalis
7187,37.624007,-5.5309285,Dressel 20,Cortijo del Alamo Alto,MMRP,Hispalis
13734,37.624871,-5.550459,Dressel 20,El Judío,CAS,Astigi
13736,37.624871,-5.550459,Dressel 20,El Judío,QAEOPCO,Astigi
13737,37.624871,-5.550459,Dressel 20,El Judío,CAS,Astigi
13739,37.624871,-5.550459,Dressel 20,El Judío,CAPF,Astigi
12939,37.627358,-5.461938,Dressel 20,Lora la Vieja,LVTROPHIMI,Hispalis
13242,37.627358,-5.461938,Dressel 20,Lora la Vieja,LVTROPHIMI,Hispalis
11074,37.630839,-5.5105712,Dressel 20,Cortijo de los Mochales,POROCODV,Hispalis
11077,37.630839,-5.5105712,Dressel 20,Cortijo de los Mochales,POROODV,Hispalis
11208,37.630921,-5.452824,Dressel 20,El Marchante,NC,Hispalis
11209,37.630921,-5.452824,Dressel 20,El Marchante,LSELSENC,Hispalis
11210,37.630921,-5.452824,Dressel 20,El Marchante,LSELSENC,Hispalis
11211,37.630921,-5.452824,Dressel 20,El Marchante,LSELSENC,Hispalis
11212,37.630921,-5.452824,Dressel 20,El Marchante,LSELSENC,Hispalis
12370,37.635572,-5.153187,Dressel 20,Las Ánimas,MIM,Astigi
12371,37.635572,-5.153187,Dressel 20,Las Ánimas,MIM,Astigi
12375,37.635572,-5.153187,Dressel 20,Las Ánimas,LAGER,Astigi
12379,37.635572,-5.153187,Dressel 20,Las Ánimas,LFCCVFCAT,Astigi
12381,37.635572,-5.153187,Dressel 20,Las Ánimas,LFCC,Astigi
11078,37.635985,-5.511535,Dressel 20,Alamo Alto,LIT,Hispalis
11079,37.635985,-5.511535,Dressel 20,Alamo Alto,LIT,Hispalis
11080,37.635985,-5.511535,Dressel 20,Alamo Alto,LIT,Hispalis
11081,37.635985,-5.511535,Dressel 20,Alamo Alto,LIT,Hispalis
11083,37.635985,-5.511535,Dressel 20,Alamo Alto,ILFT,Hispalis
11085,37.635985,-5.511535,Dressel 20,Alamo Alto,ILFT,Hispalis
11086,37.635985,-5.511535,Dressel 20,Alamo Alto,ILFT,Hispalis
11087,37.635985,-5.511535,Dressel 20,Alamo Alto,ILFT,Hispalis
11088,37.635985,-5.511535,Dressel 20,Alamo Alto,POROODV,Hispalis
11089,37.635985,-5.511535,Dressel 20,Alamo Alto,PORSS,Hispalis
12522,37.635985,-5.511535,Dressel 20,Alamo Alto,LIT,Hispalis
10917,37.638263,-5.165148,Dressel 20,Doña Mencia,LIDFITALI,Astigi
10918,37.638263,-5.165148,Dressel 20,Doña Mencia,LIDFITA,Astigi
10919,37.638263,-5.165148,Dressel 20,Doña Mencia,LIDFITA,Astigi
10923,37.638263,-5.165148,Dressel 20,El Tesorillo de Doña Mencia,LIDFITA,Astigi
10924,37.638263,-5.165148,Dressel 20,El Tesorillo de Doña Mencia,LIDFITA,Astigi
10925,37.638263,-5.165148,Dressel 20,El Tesorillo de Doña Mencia,LIDFITA,Astigi
10926,37.638263,-5.165148,Dressel 20,El Tesorillo de Doña Mencia,LIDFITA,Astigi
10927,37.638263,-5.165148,Dressel 20,El Tesorillo de Doña Mencia,LIDFITA,Astigi
10928,37.638263,-5.165148,Dressel 20,El Tesorillo de Doña Mencia,LIDFITA,Astigi
10929,37.638263,-5.165148,Dressel 20,El Tesorillo de Doña Mencia,LIDFITA,Astigi
10930,37.638263,-5.165148,Dressel 20,El Tesorillo de Doña Mencia,LIDFITALI,Astigi
10932,37.638263,-5.165148,Dressel 20,El Tesorillo de Doña Mencia,SIP,Astigi
10933,37.638263,-5.165148,Dressel 20,El Tesorillo de Doña Mencia,SIP,Astigi
12397,37.638263,-5.165148,Dressel 20,Doña Mencia,LIDFITALI,Astigi
12398,37.638263,-5.165148,Dressel 20,Doña Mencia,FC,Astigi
41695,37.638263,-5.165148,Dressel 20,Doña Mencia,FC,Astigi
41696,37.638263,-5.165148,Dressel 20,Doña Mencia,FC,Astigi
41697,37.638263,-5.165148,Dressel 20,Doña Mencia,FC,Astigi
28052,37.642799,-5.497951,Dressel 20,Los Mochales,BROCHOD,Hispalis
11098,37.648779,-5.506146,Dressel 20,Catria Alta,LCHE,Hispalis
11099,37.648779,-5.506146,Dressel 20,Catria Alta,LCHE,Hispalis
11102,37.648779,-5.506146,Dressel 20,Catria Alta,S,Hispalis
11103,37.648779,-5.506146,Dressel 20,La Catria,LIT,Hispalis
11104,37.648779,-5.506146,Dressel 20,La Catria,MMRP,Hispalis
11107,37.648779,-5.506146,Dressel 20,La Catria,PORTO,Hispalis
11113,37.648779,-5.506146,Dressel 20,La Catria,POPVLI,Hispalis
11114,37.648779,-5.506146,Dressel 20,La Catria,PORODV,Hispalis
11119,37.648779,-5.506146,Dressel 20,La Catria,PORCPR,Hispalis
11148,37.648779,-5.506146,Dressel 20,Villa Clara,PORCPR,Hispalis
12496,37.648779,-5.506146,Dressel 20,La Catria,PORTO,Hispalis
12502,37.648779,-5.506146,Dressel 20,La Catria,PORTO,Hispalis
12508,37.648779,-5.506146,Dressel 20,La Catria,LAF,Hispalis
12509,37.648779,-5.506146,Dressel 20,La Catria,SNR,Hispalis
12511,37.648779,-5.506146,Dressel 20,La Catria,SNR,Hispalis
12513,37.648779,-5.506146,Dressel 20,La Catria,MIM,Hispalis
12516,37.648779,-5.506146,Dressel 20,La Catria,GAVFL,Hispalis
12517,37.648779,-5.506146,Dressel 20,La Catria,GAVFL,Hispalis
12518,37.648779,-5.506146,Dressel 20,La Catria,GAVFL,Hispalis
28051,37.648779,-5.506146,Dressel 20,La Catria,BROCHOD,Hispalis
6620,37.648779,-5.506146,Dressel 20,La Catria,LAF,Hispalis
6621,37.648779,-5.506146,Dressel 20,La Catria,LAF,Hispalis
6639,37.648779,-5.506146,Dressel 20,La Catria,MAR,Hispalis
6640,37.648779,-5.506146,Dressel 20,La Catria,MAR,Hispalis
6641,37.648779,-5.506146,Dressel 20,La Catria,MAR,Hispalis
6642,37.648779,-5.506146,Dressel 20,La Catria,MAR,Hispalis
6643,37.648779,-5.506146,Dressel 20,La Catria,CASPALMA,Hispalis
6644,37.648779,-5.506146,Dressel 20,La Catria,MATDFMARSIANESSES,Hispalis
6645,37.648779,-5.506146,Dressel 20,La Catria,QAEOPO,Hispalis
6646,37.648779,-5.506146,Dressel 20,La Catria,QAEOPO,Hispalis
6647,37.648779,-5.506146,Dressel 20,La Catria,QAEOPO,Hispalis
6648,37.648779,-5.506146,Dressel 20,La Catria,QAEOPO,Hispalis
6650,37.648779,-5.506146,Dressel 20,La Catria,QAEOPO,Hispalis
6651,37.648779,-5.506146,Dressel 20,La Catria,QAEOPO,Hispalis
6653,37.648779,-5.506146,Dressel 20,La Catria,QAEO,Hispalis
6656,37.648779,-5.506146,Dressel 20,La Catria,QAEOPO,Hispalis
6657,37.648779,-5.506146,Dressel 20,La Catria,QAEOPO,Hispalis
6658,37.648779,-5.506146,Dressel 20,La Catria,QAEOPO,Hispalis
6659,37.648779,-5.506146,Dressel 20,La Catria,QAEOPO,Hispalis
6663,37.648779,-5.506146,Dressel 20,La Catria,QAEOPO,Hispalis
6664,37.648779,-5.506146,Dressel 20,La Catria,QAEOPO,Hispalis
6665,37.648779,-5.506146,Dressel 20,La Catria,QAEOPO,Hispalis
6666,37.648779,-5.506146,Dressel 20,La Catria,QAEOPO,Hispalis
6693,37.648779,-5.506146,Dressel 20,La Catria,LCANTP,Hispalis
6694,37.648779,-5.506146,Dressel 20,La Catria,LCANTP,Hispalis
6695,37.648779,-5.506146,Dressel 20,La Catria,LCANTP,Hispalis
6696,37.648779,-5.506146,Dressel 20,La Catria,LCANTP,Hispalis
6697,37.648779,-5.506146,Dressel 20,La Catria,LCANTP,Hispalis
6698,37.648779,-5.506146,Dressel 20,La Catria,LCANTP,Hispalis
6699,37.648779,-5.506146,Dressel 20,La Catria,LCANTP,Hispalis
6700,37.648779,-5.506146,Dressel 20,La Catria,LCANTP,Hispalis
6701,37.648779,-5.506146,Dressel 20,La Catria,LCANTP,Hispalis
6702,37.648779,-5.506146,Dressel 20,La Catria,LCANTP,Hispalis
6703,37.648779,-5.506146,Dressel 20,La Catria,LCANTP,Hispalis
6704,37.648779,-5.506146,Dressel 20,La Catria,LCANTP,Hispalis
6705,37.648779,-5.506146,Dressel 20,La Catria,LCANTP,Hispalis
6706,37.648779,-5.506146,Dressel 20,La Catria,LCANTP,Hispalis
6707,37.648779,-5.506146,Dressel 20,La Catria,LCANTP,Hispalis
6710,37.648779,-5.506146,Dressel 20,La Catria,LCHE,Hispalis
6711,37.648779,-5.506146,Dressel 20,La Catria,LCHE,Hispalis
6712,37.648779,-5.506146,Dressel 20,La Catria,LCHE,Hispalis
6713,37.648779,-5.506146,Dressel 20,La Catria,LCHE,Hispalis
6786,37.648779,-5.506146,Dressel 20,La Catria,CENHISPSAE,Hispalis
6787,37.648779,-5.506146,Dressel 20,La Catria,CENHISPSAE,Hispalis
6788,37.648779,-5.506146,Dressel 20,La Catria,IIIENNIIVL,Hispalis
6789,37.648779,-5.506146,Dressel 20,La Catria,IIIENNIVL,Hispalis
6795,37.648779,-5.506146,Dressel 20,La Catria,QFF,Hispalis
6796,37.648779,-5.506146,Dressel 20,La Catria,QFF,Hispalis
6797,37.648779,-5.506146,Dressel 20,La Catria,QFF,Hispalis
6821,37.648779,-5.506146,Dressel 20,La Catria,MIM,Hispalis
6822,37.648779,-5.506146,Dressel 20,La Catria,MIM,Hispalis
6823,37.648779,-5.506146,Dressel 20,La Catria,MIM,Hispalis
6824,37.648779,-5.506146,Dressel 20,La Catria,MIM,Hispalis
6825,37.648779,-5.506146,Dressel 20,La Catria,MIM,Hispalis
6826,37.648779,-5.506146,Dressel 20,La Catria,MIM,Hispalis
6827,37.648779,-5.506146,Dressel 20,La Catria,MIM,Hispalis
6828,37.648779,-5.506146,Dressel 20,La Catria,MIM,Hispalis
6829,37.648779,-5.506146,Dressel 20,La Catria,MIM,Hispalis
6830,37.648779,-5.506146,Dressel 20,La Catria,MIM,Hispalis
6831,37.648779,-5.506146,Dressel 20,La Catria,MIM,Hispalis
6832,37.648779,-5.506146,Dressel 20,La Catria,MIM,Hispalis
6833,37.648779,-5.506146,Dressel 20,La Catria,MIM,Hispalis
6834,37.648779,-5.506146,Dressel 20,La Catria,MIM,Hispalis
6835,37.648779,-5.506146,Dressel 20,La Catria,MIM,Hispalis
6890,37.648779,-5.506146,Dressel 20,La Catria,MMRP,Hispalis
6891,37.648779,-5.506146,Dressel 20,La Catria,MMRP,Hispalis
6893,37.648779,-5.506146,Dressel 20,La Catria,QMS,Hispalis
6894,37.648779,-5.506146,Dressel 20,La Catria,QMS,Hispalis
6895,37.648779,-5.506146,Dressel 20,La Catria,QMS,Hispalis
6896,37.648779,-5.506146,Dressel 20,La Catria,QMS,Hispalis
6897,37.648779,-5.506146,Dressel 20,La Catria,QMS,Hispalis
6898,37.648779,-5.506146,Dressel 20,La Catria,QMS,Hispalis
6899,37.648779,-5.506146,Dressel 20,La Catria,QMS,Hispalis
6900,37.648779,-5.506146,Dressel 20,La Catria,QMS,Hispalis
6901,37.648779,-5.506146,Dressel 20,La Catria,QMS,Hispalis
6902,37.648779,-5.506146,Dressel 20,La Catria,QMS,Hispalis
6903,37.648779,-5.506146,Dressel 20,La Catria,SNR,Hispalis
6904,37.648779,-5.506146,Dressel 20,La Catria,SNR,Hispalis
6905,37.648779,-5.506146,Dressel 20,La Catria,SNR,Hispalis
6906,37.648779,-5.506146,Dressel 20,La Catria,SNR,Hispalis
6907,37.648779,-5.506146,Dressel 20,La Catria,SNR,Hispalis
6908,37.648779,-5.506146,Dressel 20,La Catria,SNR,Hispalis
6909,37.648779,-5.506146,Dressel 20,La Catria,SNR,Hispalis
6910,37.648779,-5.506146,Dressel 20,La Catria,SNR,Hispalis
6911,37.648779,-5.506146,Dressel 20,La Catria,SNR,Hispalis
6912,37.648779,-5.506146,Dressel 20,La Catria,SNR,Hispalis
6913,37.648779,-5.506146,Dressel 20,La Catria,SNR,Hispalis
6914,37.648779,-5.506146,Dressel 20,La Catria,SNR,Hispalis
6915,37.648779,-5.506146,Dressel 20,La Catria,SNR,Hispalis
6917,37.648779,-5.506146,Dressel 20,La Catria,SNR,Hispalis
6924,37.648779,-5.506146,Dressel 20,La Catria,SNR,Hispalis
6925,37.648779,-5.506146,Dressel 20,La Catria,SNR,Hispalis
6926,37.648779,-5.506146,Dressel 20,La Catria,SNR,Hispalis
6927,37.648779,-5.506146,Dressel 20,La Catria,SNR,Hispalis
6928,37.648779,-5.506146,Dressel 20,La Catria,SNR,Hispalis
6929,37.648779,-5.506146,Dressel 20,La Catria,SNR,Hispalis
6930,37.648779,-5.506146,Dressel 20,La Catria,SNR,Hispalis
6931,37.648779,-5.506146,Dressel 20,La Catria,SNR,Hispalis
6932,37.648779,-5.506146,Dressel 20,La Catria,SNR,Hispalis
6933,37.648779,-5.506146,Dressel 20,La Catria,SNR,Hispalis
6934,37.648779,-5.506146,Dressel 20,La Catria,SNR,Hispalis
6935,37.648779,-5.506146,Dressel 20,La Catria,SNR,Hispalis
6936,37.648779,-5.506146,Dressel 20,La Catria,SNR,Hispalis
6937,37.648779,-5.506146,Dressel 20,La Catria,SNR,Hispalis
6938,37.648779,-5.506146,Dressel 20,La Catria,SNR,Hispalis
6939,37.648779,-5.506146,Dressel 20,La Catria,SNR,Hispalis
6940,37.648779,-5.506146,Dressel 20,La Catria,SNR,Hispalis
6941,37.648779,-5.506146,Dressel 20,La Catria,SNR,Hispalis
6942,37.648779,-5.506146,Dressel 20,La Catria,SNR,Hispalis
6943,37.648779,-5.506146,Dressel 20,La Catria,SNR,Hispalis
6944,37.648779,-5.506146,Dressel 20,La Catria,SNR,Hispalis
6945,37.648779,-5.506146,Dressel 20,La Catria,SNR,Hispalis
6946,37.648779,-5.506146,Dressel 20,La Catria,SNR,Hispalis
6947,37.648779,-5.506146,Dressel 20,La Catria,SNR,Hispalis
6948,37.648779,-5.506146,Dressel 20,La Catria,SNR,Hispalis
6949,37.648779,-5.506146,Dressel 20,La Catria,SNR,Hispalis
6950,37.648779,-5.506146,Dressel 20,La Catria,SNR,Hispalis
6951,37.648779,-5.506146,Dressel 20,La Catria,SNR,Hispalis
6952,37.648779,-5.506146,Dressel 20,La Catria,SNR,Hispalis
6953,37.648779,-5.506146,Dressel 20,La Catria,SNR,Hispalis
6954,37.648779,-5.506146,Dressel 20,La Catria,SNR,Hispalis
6955,37.648779,-5.506146,Dressel 20,La Catria,SNR,Hispalis
6956,37.648779,-5.506146,Dressel 20,La Catria,SNR,Hispalis
6957,37.648779,-5.506146,Dressel 20,La Catria,SNR,Hispalis
6965,37.648779,-5.506146,Dressel 20,La Catria,PORODV,Hispalis
6966,37.648779,-5.506146,Dressel 20,La Catria,PORODV,Hispalis
6967,37.648779,-5.506146,Dressel 20,La Catria,PORODV,Hispalis
6968,37.648779,-5.506146,Dressel 20,La Catria,PORODV,Hispalis
6969,37.648779,-5.506146,Dressel 20,La Catria,PORODV,Hispalis
6970,37.648779,-5.506146,Dressel 20,La Catria,PORODV,Hispalis
6971,37.648779,-5.506146,Dressel 20,La Catria,PORODV,Hispalis
6972,37.648779,-5.506146,Dressel 20,La Catria,PORODV,Hispalis
6973,37.648779,-5.506146,Dressel 20,La Catria,PORODV,Hispalis
6974,37.648779,-5.506146,Dressel 20,La Catria,PORODV,Hispalis
6978,37.648779,-5.506146,Dressel 20,La Catria,PORODV,Hispalis
6979,37.648779,-5.506146,Dressel 20,La Catria,POROCODV,Hispalis
6980,37.648779,-5.506146,Dressel 20,La Catria,POROCODV,Hispalis
6981,37.648779,-5.506146,Dressel 20,La Catria,POROCODV,Hispalis
6982,37.648779,-5.506146,Dressel 20,La Catria,POROCODV,Hispalis
6983,37.648779,-5.506146,Dressel 20,La Catria,POROCODV,Hispalis
6984,37.648779,-5.506146,Dressel 20,La Catria,POROCODV,Hispalis
6985,37.648779,-5.506146,Dressel 20,La Catria,POROCODV,Hispalis
6986,37.648779,-5.506146,Dressel 20,La Catria,POROCODV,Hispalis
6987,37.648779,-5.506146,Dressel 20,La Catria,POROCODV,Hispalis
6988,37.648779,-5.506146,Dressel 20,La Catria,POROCODV,Hispalis
6989,37.648779,-5.506146,Dressel 20,La Catria,POROCODV,Hispalis
6990,37.648779,-5.506146,Dressel 20,La Catria,POROCODV,Hispalis
6991,37.648779,-5.506146,Dressel 20,La Catria,POROCODV,Hispalis
6993,37.648779,-5.506146,Dressel 20,La Catria,POROCODV,Hispalis
6997,37.648779,-5.506146,Dressel 20,La Catria,PORCPR,Hispalis
6998,37.648779,-5.506146,Dressel 20,La Catria,PORCPR,Hispalis
6999,37.648779,-5.506146,Dressel 20,La Catria,PORCPR,Hispalis
7000,37.648779,-5.506146,Dressel 20,La Catria,PORCPR,Hispalis
7001,37.648779,-5.506146,Dressel 20,La Catria,PORCPR,Hispalis
7002,37.648779,-5.506146,Dressel 20,La Catria,PORCPR,Hispalis
7004,37.648779,-5.506146,Dressel 20,La Catria,POPVLI,Hispalis
7005,37.648779,-5.506146,Dressel 20,La Catria,POPVLI,Hispalis
7006,37.648779,-5.506146,Dressel 20,La Catria,POPVLI,Hispalis
7007,37.648779,-5.506146,Dressel 20,La Catria,POPVLI,Hispalis
7008,37.648779,-5.506146,Dressel 20,La Catria,POPVLI,Hispalis
7009,37.648779,-5.506146,Dressel 20,La Catria,POPVLI,Hispalis
7010,37.648779,-5.506146,Dressel 20,La Catria,POPVLI,Hispalis
7011,37.648779,-5.506146,Dressel 20,La Catria,POPVLI,Hispalis
7012,37.648779,-5.506146,Dressel 20,La Catria,POPVLI,Hispalis
7013,37.648779,-5.506146,Dressel 20,La Catria,POPVLI,Hispalis
7014,37.648779,-5.506146,Dressel 20,La Catria,POPVLI,Hispalis
7015,37.648779,-5.506146,Dressel 20,La Catria,POPVLI,Hispalis
7016,37.648779,-5.506146,Dressel 20,La Catria,POPVLI,Hispalis
7017,37.648779,-5.506146,Dressel 20,La Catria,POPVLI,Hispalis
7018,37.648779,-5.506146,Dressel 20,La Catria,POPVLI,Hispalis
7019,37.648779,-5.506146,Dressel 20,La Catria,POPVLI,Hispalis
7020,37.648779,-5.506146,Dressel 20,La Catria,POPVLI,Hispalis
7021,37.648779,-5.506146,Dressel 20,La Catria,POPVLI,Hispalis
7023,37.648779,-5.506146,Dressel 20,La Catria,POPVLI,Hispalis
7024,37.648779,-5.506146,Dressel 20,La Catria,POPVLI,Hispalis
7025,37.648779,-5.506146,Dressel 20,La Catria,POPVLI,Hispalis
7026,37.648779,-5.506146,Dressel 20,La Catria,POPVLI,Hispalis
7027,37.648779,-5.506146,Dressel 20,La Catria,POPVLI,Hispalis
7028,37.648779,-5.506146,Dressel 20,La Catria,POPVLI,Hispalis
7029,37.648779,-5.506146,Dressel 20,La Catria,POPVLI,Hispalis
7030,37.648779,-5.506146,Dressel 20,La Catria,POPVLI,Hispalis
7031,37.648779,-5.506146,Dressel 20,La Catria,POPVLI,Hispalis
7032,37.648779,-5.506146,Dressel 20,La Catria,PORTO,Hispalis
7033,37.648779,-5.506146,Dressel 20,La Catria,PORTO,Hispalis
7034,37.648779,-5.506146,Dressel 20,La Catria,PORTO,Hispalis
7035,37.648779,-5.506146,Dressel 20,La Catria,PORTO,Hispalis
7036,37.648779,-5.506146,Dressel 20,La Catria,PORTO,Hispalis
7037,37.648779,-5.506146,Dressel 20,La Catria,PORTO,Hispalis
7038,37.648779,-5.506146,Dressel 20,La Catria,PORTO,Hispalis
7039,37.648779,-5.506146,Dressel 20,La Catria,PORTO,Hispalis
7040,37.648779,-5.506146,Dressel 20,La Catria,PORTO,Hispalis
7041,37.648779,-5.506146,Dressel 20,La Catria,PORTO,Hispalis
7042,37.648779,-5.506146,Dressel 20,La Catria,PORTO,Hispalis
7043,37.648779,-5.506146,Dressel 20,La Catria,PORTO,Hispalis
7044,37.648779,-5.506146,Dressel 20,La Catria,PORTO,Hispalis
7045,37.648779,-5.506146,Dressel 20,La Catria,PORTO,Hispalis
7046,37.648779,-5.506146,Dressel 20,La Catria,PORTO,Hispalis
7047,37.648779,-5.506146,Dressel 20,La Catria,PORTO,Hispalis
7048,37.648779,-5.506146,Dressel 20,La Catria,PORTO,Hispalis
7049,37.648779,-5.506146,Dressel 20,La Catria,PORTO,Hispalis
7050,37.648779,-5.506146,Dressel 20,La Catria,PORTO,Hispalis
7051,37.648779,-5.506146,Dressel 20,La Catria,PORTO,Hispalis
7052,37.648779,-5.506146,Dressel 20,La Catria,PORTO,Hispalis
7053,37.648779,-5.506146,Dressel 20,La Catria,PORTO,Hispalis
7095,37.648779,-5.506146,Dressel 20,La Catria,PPSQVPLIPALMA,Hispalis
7098,37.648779,-5.506146,Dressel 20,La Catria,MSP,Hispalis
7099,37.648779,-5.506146,Dressel 20,La Catria,MSP,Hispalis
7125,37.648779,-5.506146,Dressel 20,La Catria,PORSS,Hispalis
7126,37.648779,-5.506146,Dressel 20,La Catria,PORSS,Hispalis
7128,37.648779,-5.506146,Dressel 20,La Catria,SALS,Hispalis
7133,37.648779,-5.506146,Dressel 20,La Catria,LVTROPHIMI,Hispalis
7175,37.648779,-5.506146,Dressel 20,La Catria,PORTO,Hispalis
10941,37.649374,-5.197134,Dressel 20,Tarancón,LAL,Astigi
10943,37.649374,-5.197134,Dressel 20,Tarancón,LAL,Astigi
11263,37.649374,-5.197134,Dressel 20,Tarancón Oeste,LAL,Astigi
11266,37.649374,-5.197134,Dressel 20,Tarancón Oeste,AC,Astigi
12410,37.649374,-5.197134,Dressel 20,Tarancón Oeste,STATI,Astigi
12411,37.649374,-5.197134,Dressel 20,Tarancón Oeste,LAL,Astigi
12413,37.649374,-5.197134,Dressel 20,Tarancón Oeste,MC,Astigi
29478,37.650911,-5.543898,Dressel 20,La Estacada de Herrera,CENHISPSAE,Hispalis
11193,37.651194,-5.420263,Dressel 20,Madre Vieja 1,NC,Hispalis
10936,37.65358,-5.184784,Dressel 20,Las Valbuenas,LAL,Astigi
10938,37.65358,-5.184784,Dressel 20,Las Valbuenas,GIALB,Astigi
12405,37.65358,-5.184784,Dressel 20,Las Valbuenas,LAL,Astigi
12408,37.65358,-5.184784,Dressel 20,Las Valbuenas,QIAFS,Astigi
12841,37.65358,-5.184784,Dressel 20,Las Valbuenas,GIALB,Astigi
12842,37.65358,-5.184784,Dressel 20,Las Valbuenas,GIALB,Astigi
12488,37.653732,-5.4745518,Dressel 20,El Acebuchal,LSELSENC,Hispalis
11185,37.655914,-5.422922,Dressel 20,La Ramblilla,ATITTAE,Hispalis
11186,37.655914,-5.422922,Dressel 20,La Ramblilla,ATITTAE,Hispalis
11188,37.655914,-5.422922,Dressel 20,La Ramblilla,MATDEFIGNASMARSI,Hispalis
11122,37.657494,-5.4878438,Dressel 20,Cortijo del Guerra,POPVLI,Hispalis
11123,37.657494,-5.4878438,Dressel 20,Cortijo del Guerra,POPVLI,Hispalis
11124,37.657494,-5.4878438,Dressel 20,Cortijo del Guerra,POPVLI,Hispalis
11128,37.657494,-5.4878438,Dressel 20,Cortijo del Guerra,SNR,Hispalis
11129,37.657494,-5.4878438,Dressel 20,Cortijo del Guerra,PORODV,Hispalis
11133,37.657494,-5.4878438,Dressel 20,Cortijo del Guerra,POPVLI,Hispalis
11134,37.657494,-5.4878438,Dressel 20,Cortijo del Guerra,POPVLI,Hispalis
11135,37.657494,-5.4878438,Dressel 20,Cortijo del Guerra,POPVLI,Hispalis
11136,37.657494,-5.4878438,Dressel 20,Cortijo del Guerra,POPVLI,Hispalis
11137,37.657494,-5.4878438,Dressel 20,Cortijo del Guerra,POPVLI,Hispalis
11138,37.657494,-5.4878438,Dressel 20,Cortijo del Guerra,POPVLI,Hispalis
11139,37.657494,-5.4878438,Dressel 20,Cortijo del Guerra,POPVLI,Hispalis
11140,37.657494,-5.4878438,Dressel 20,Cortijo del Guerra,PORTO,Hispalis
11141,37.657494,-5.4878438,Dressel 20,Cortijo del Guerra,PPSQVPLIPALMA,Hispalis
11145,37.657494,-5.4878438,Dressel 20,Cortijo del Guerra,QFF,Hispalis
11146,37.657494,-5.4878438,Dressel 20,Cortijo del Guerra,POROCODV,Hispalis
11154,37.660348,-5.507948,Dressel 20,Huerta del Río,CENHISPSAE,Hispalis
11160,37.660348,-5.507948,Dressel 20,Huerta del Río,IIIENNIVL,Hispalis
13252,37.660348,-5.507948,Dressel 20,Huerta del Río,IIIENNIIVL,Hispalis
13253,37.660348,-5.507948,Dressel 20,Huerta del Río,IIIENNIIVL,Hispalis
13254,37.660348,-5.507948,Dressel 20,Huerta del Río,IIIENNIIVL,Hispalis
13255,37.660348,-5.507948,Dressel 20,Huerta del Río,IIIENNIIVL,Hispalis
12490,37.660605,-5.4433741,Dressel 20,La Rambla,LIC,Hispalis
11239,37.66096,-5.413805,Dressel 20,Cortijo de La Sesenta,QCC,Hispalis
11240,37.66096,-5.413805,Dressel 20,Cortijo de La Sesenta,QCC,Hispalis
13275,37.66096,-5.413805,Dressel 20,Las Sesenta,CAPF,Hispalis
11171,37.661787,-5.486442,Dressel 20,Haza del Olivo,SIP,Hispalis
11176,37.661787,-5.486442,Dressel 20,Haza del Olivo,LCANTP,Hispalis
11177,37.661787,-5.486442,Dressel 20,Haza del Olivo,PORODV,Hispalis
11272,37.664722,-5.4537624,Dressel 20,La María,DIA,Hispalis
11277,37.664722,-5.4537624,Dressel 20,La María,LERP,Hispalis
12470,37.664722,-5.4537624,Dressel 20,La María,DIA,Hispalis
12474,37.664722,-5.4537624,Dressel 20,La María,DIA,Hispalis
41683,37.664722,-5.4537624,Dressel 20,La María,DIA,Hispalis
11255,37.666423,-5.2101966,Dressel 20,Cortijo del Judío  (oeste),CI,Astigi
11457,37.667029,-5.2178121,Dressel 20,Cortijo de Villalata,QIAFS,Astigi
11458,37.667029,-5.2178121,Dressel 20,Cortijo de Villalata,QIAFS,Astigi
11459,37.667029,-5.2178121,Dressel 20,Cortijo de Villalata,QIAFS,Astigi
13735,37.67122,-5.222501,Dressel 20,Tierras del Judío,CASPALMA,Astigi
11462,37.671559,-5.20847,Dressel 20,Malpica,GIALB,Astigi
11463,37.671559,-5.20847,Dressel 20,Malpica,GIALB,Astigi
11465,37.671559,-5.20847,Dressel 20,Malpica,GIALB,Astigi
11467,37.671559,-5.20847,Dressel 20,Malpica,GIALB,Astigi
11471,37.671559,-5.20847,Dressel 20,Malpica,GIALB,Astigi
11492,37.671559,-5.20847,Dressel 20,Malpica,GIALB,Astigi
11493,37.671559,-5.20847,Dressel 20,Malpica,GIALB,Astigi
11494,37.671559,-5.20847,Dressel 20,Malpica,GIALB,Astigi
11495,37.671559,-5.20847,Dressel 20,Malpica,GIALB,Astigi
11496,37.671559,-5.20847,Dressel 20,Malpica,GIALB,Astigi
11497,37.671559,-5.20847,Dressel 20,Malpica,GIALB,Astigi
11498,37.671559,-5.20847,Dressel 20,Malpica,GIALB,Astigi
11499,37.671559,-5.20847,Dressel 20,Malpica,GIALB,Astigi
11504,37.671559,-5.20847,Dressel 20,Malpica,QIAL,Astigi
11505,37.671559,-5.20847,Dressel 20,Malpica,QIAFS,Astigi
11506,37.671559,-5.20847,Dressel 20,Malpica,QIAFS,Astigi
11507,37.671559,-5.20847,Dressel 20,Malpica,QIAFS,Astigi
11518,37.671559,-5.20847,Dressel 20,Malpica,GIALB,Astigi
11519,37.671559,-5.20847,Dressel 20,Malpica,GIALB,Astigi
12415,37.671559,-5.20847,Dressel 20,Malpica,GIALB,Astigi
12416,37.671559,-5.20847,Dressel 20,Malpica,GIALB,Astigi
12419,37.671559,-5.20847,Dressel 20,Malpica,GIALB,Astigi
12424,37.671559,-5.20847,Dressel 20,Malpica,QIAL,Astigi
12429,37.671559,-5.20847,Dressel 20,Malpica,QIAFS,Astigi
12431,37.671559,-5.20847,Dressel 20,Malpica,QIAFS,Astigi
12432,37.671559,-5.20847,Dressel 20,Malpica,QIAFS,Astigi
12433,37.671559,-5.20847,Dressel 20,Malpica,QIAFS,Astigi
12436,37.671559,-5.20847,Dressel 20,Malpica,QMS,Astigi
12829,37.671559,-5.20847,Dressel 20,Malpica,GIALB,Astigi
12834,37.671559,-5.20847,Dressel 20,Malpica,QIAFS,Astigi
12835,37.671559,-5.20847,Dressel 20,Malpica,QIAL,Astigi
12838,37.671559,-5.20847,Dressel 20,Malpica,MQFF,Astigi
11269,37.673121,-5.430593,Dressel 20,La Mayena,LFFV,Hispalis
11270,37.673121,-5.430593,Dressel 20,La Mayena,LFFV,Hispalis
11271,37.673121,-5.430593,Dressel 20,La Mayena,LFFV,Hispalis
12480,37.673121,-5.430593,Dressel 20,La Mayena,ATITTAE,Hispalis
12484,37.673121,-5.430593,Dressel 20,La Mayena,LFFV,Hispalis
12485,37.673121,-5.430593,Dressel 20,La Mayena,LFFV,Hispalis
12486,37.673121,-5.430593,Dressel 20,La Mayena,LFFV,Hispalis
12920,37.673121,-5.430593,Dressel 20,La Mayena,ATITTAE,Hispalis
11283,37.675475,-5.4336063,Dressel 20,El Berro 2,DIA,Hispalis
11286,37.675475,-5.4336063,Dressel 20,El Berro 2,ATITTAE,Hispalis
11287,37.675475,-5.4336063,Dressel 20,El Berro 2,ATITTAE,Hispalis
11288,37.675475,-5.4336063,Dressel 20,El Berro 2,ATITTAE,Hispalis
11402,37.67842,-5.21428,Dressel 20,Malpica Sur,MQFF,Astigi
12449,37.67842,-5.21428,Dressel 20,Malpica Sur,CI,Astigi
12455,37.67842,-5.21428,Dressel 20,Malpica Sur,MQFF,Astigi
12457,37.67842,-5.21428,Dressel 20,Malpica Sur,FC,Astigi
12461,37.67842,-5.21428,Dressel 20,Malpica Sur,MQFF,Astigi
13747,37.67842,-5.21428,Dressel 20,Malpica Sur,MQFF,Astigi
910,37.687599,-5.274237,Dressel 20,Madueño,MCC,Astigi
911,37.687599,-5.274237,Dressel 20,Madueño,MCC,Astigi
11337,37.688935,-5.281541,Dressel 20,Casas del Picón,IIAVRHERACLAEPATETFILFCEPAR,Astigi
12465,37.695332,-5.291723,Dressel 20,El Portillo,M,Astigi
12468,37.695332,-5.291723,Dressel 20,El Portillo,IIAVRHERACLAEPATETFILFCEPAR,Astigi
12469,37.695332,-5.291723,Dressel 20,El Portillo,IIAVRHERACLAEPATETFILFCEPAR,Astigi
11328,37.709863,-5.3098048,Dressel 20,Huertas de Belén,SAXOFERREO,Corduba
12307,37.709863,-5.3098048,Dressel 20,Huertas de Belén,QV,Corduba
11876,37.714814,-5.1401296,Dressel 20,Cortijo de Bramadero,QIAL,Corduba
11877,37.714814,-5.1401296,Dressel 20,Cortijo de Bramadero,QIAL,Corduba
11878,37.714814,-5.1401296,Dressel 20,Cortijo de Bramadero,QIAL,Corduba
21229,37.717502,-5.412668,Dressel 20,La Coscoja,QAEO,Hispalis
12816,37.752937,-5.211861,Dressel 20,El castillejo,LFCCVFS,Corduba
26666,37.752937,-5.211861,Dressel 20,Cerro de los Pesebres,LFCCVFS,Corduba
26667,37.752937,-5.211861,Dressel 20,Cerro de los Pesebres,LFCCVFS,Corduba
26668,37.752937,-5.211861,Dressel 20,Cerro de los Pesebres,LFCCVFS,Corduba
26669,37.752937,-5.211861,Dressel 20,Cerro de los Pesebres,LFCCVFS,Corduba
26670,37.752937,-5.211861,Dressel 20,Cerro de los Pesebres,LFCCVFS,Corduba
26671,37.752937,-5.211861,Dressel 20,Cerro de los Pesebres,LFCCVFS,Corduba
26672,37.752937,-5.211861,Dressel 20,Cerro de los Pesebres,LFCCVFS,Corduba
26673,37.752937,-5.211861,Dressel 20,Cerro de los Pesebres,LFCCVFS,Corduba
26674,37.752937,-5.211861,Dressel 20,Cerro de los Pesebres,LFCCVFS,Corduba
26675,37.752937,-5.211861,Dressel 20,Cerro de los Pesebres,LFCCVFS,Corduba
26676,37.752937,-5.211861,Dressel 20,Cerro de los Pesebres,LFCCVFS,Corduba
26677,37.752937,-5.211861,Dressel 20,Cerro de los Pesebres,LFCCVFS,Corduba
26678,37.752937,-5.211861,Dressel 20,Cerro de los Pesebres,LFCCVFS,Corduba
26679,37.752937,-5.211861,Dressel 20,Cerro de los Pesebres,LFCCVFS,Corduba
26680,37.752937,-5.211861,Dressel 20,Cerro de los Pesebres,LFCCVFS,Corduba
26681,37.752937,-5.211861,Dressel 20,Cerro de los Pesebres,LFCCVFS,Corduba
26682,37.752937,-5.211861,Dressel 20,Cerro de los Pesebres,LFCCVFS,Corduba
26683,37.752937,-5.211861,Dressel 20,Cerro de los Pesebres,LFCCVFS,Corduba
26684,37.752937,-5.211861,Dressel 20,Cerro de los Pesebres,LFCCVFS,Corduba
26685,37.752937,-5.211861,Dressel 20,Cerro de los Pesebres,LFCCVFS,Corduba
26692,37.752937,-5.211861,Dressel 20,Cerro de los Pesebres,LFCCVFS,Corduba
26693,37.752937,-5.211861,Dressel 20,Cerro de los Pesebres,LFCCVFS,Corduba
26694,37.752937,-5.211861,Dressel 20,Cerro de los Pesebres,LFCCVFS,Corduba
26695,37.752937,-5.211861,Dressel 20,Cerro de los Pesebres,LFCCVFS,Corduba
26696,37.752937,-5.211861,Dressel 20,Cerro de los Pesebres,LFCCVFS,Corduba
26697,37.752937,-5.211861,Dressel 20,Cerro de los Pesebres,LFCCVFS,Corduba
26703,37.752937,-5.211861,Dressel 20,Cerro de los Pesebres,LFCCVFS,Corduba
26704,37.752937,-5.211861,Dressel 20,Cerro de los Pesebres,LFCCVFS,Corduba
26705,37.752937,-5.211861,Dressel 20,Cerro de los Pesebres,LFCCVFS,Corduba
26706,37.752937,-5.211861,Dressel 20,Cerro de los Pesebres,LFCCVFS,Corduba
26707,37.752937,-5.211861,Dressel 20,Cerro de los Pesebres,LFCCVFS,Corduba
26708,37.752937,-5.211861,Dressel 20,Cerro de los Pesebres,LFCCVFS,Corduba
26709,37.752937,-5.211861,Dressel 20,Cerro de los Pesebres,LFCCVFS,Corduba
26710,37.752937,-5.211861,Dressel 20,Cerro de los Pesebres,LFCCVFS,Corduba
26711,37.752937,-5.211861,Dressel 20,Cerro de los Pesebres,LFCCVFS,Corduba
26712,37.752937,-5.211861,Dressel 20,Cerro de los Pesebres,LFCCVFS,Corduba
26713,37.752937,-5.211861,Dressel 20,Cerro de los Pesebres,LFCCVFS,Corduba
26714,37.752937,-5.211861,Dressel 20,Cerro de los Pesebres,LFCCVFS,Corduba
26715,37.752937,-5.211861,Dressel 20,Cerro de los Pesebres,LFCCVFS,Corduba
26716,37.752937,-5.211861,Dressel 20,Cerro de los Pesebres,LFCCVFS,Corduba
26717,37.752937,-5.211861,Dressel 20,Cerro de los Pesebres,LFCCVFS,Corduba
26718,37.752937,-5.211861,Dressel 20,Cerro de los Pesebres,LFCCVFS,Corduba
26719,37.752937,-5.211861,Dressel 20,Cerro de los Pesebres,LFCCVFS,Corduba
26720,37.752937,-5.211861,Dressel 20,Cerro de los Pesebres,LFCCVFS,Corduba
26721,37.752937,-5.211861,Dressel 20,Cerro de los Pesebres,LFCCVFS,Corduba
26722,37.752937,-5.211861,Dressel 20,Cerro de los Pesebres,LFCCVFS,Corduba
26723,37.752937,-5.211861,Dressel 20,Cerro de los Pesebres,LFCCVFS,Corduba
26724,37.752937,-5.211861,Dressel 20,Cerro de los Pesebres,LFCCVFS,Corduba
26725,37.752937,-5.211861,Dressel 20,Cerro de los Pesebres,LFCCVFS,Corduba
26726,37.752937,-5.211861,Dressel 20,Cerro de los Pesebres,LFCCVFS,Corduba
26727,37.752937,-5.211861,Dressel 20,Cerro de los Pesebres,LFCCVFS,Corduba
26728,37.752937,-5.211861,Dressel 20,Cerro de los Pesebres,LFCCVFS,Corduba
26729,37.752937,-5.211861,Dressel 20,Cerro de los Pesebres,LFCCVFS,Corduba
26730,37.752937,-5.211861,Dressel 20,Cerro de los Pesebres,LFCCVFS,Corduba
26731,37.752937,-5.211861,Dressel 20,Cerro de los Pesebres,LFCCVFS,Corduba
26732,37.752937,-5.211861,Dressel 20,Cerro de los Pesebres,LFCCVFS,Corduba
26733,37.752937,-5.211861,Dressel 20,Cerro de los Pesebres,LFCCVFS,Corduba
26734,37.752937,-5.211861,Dressel 20,Cerro de los Pesebres,LFCCVFS,Corduba
26735,37.752937,-5.211861,Dressel 20,Cerro de los Pesebres,LFCCVFS,Corduba
26736,37.752937,-5.211861,Dressel 20,Cerro de los Pesebres,LFCCVFS,Corduba
26737,37.752937,-5.211861,Dressel 20,Cerro de los Pesebres,LFCCVFS,Corduba
26738,37.752937,-5.211861,Dressel 20,Cerro de los Pesebres,LFCCVFS,Corduba
26739,37.752937,-5.211861,Dressel 20,Cerro de los Pesebres,LFCCVFS,Corduba
26740,37.752937,-5.211861,Dressel 20,Cerro de los Pesebres,LFCCVFS,Corduba
26741,37.752937,-5.211861,Dressel 20,Cerro de los Pesebres,LFCCVFS,Corduba
26742,37.752937,-5.211861,Dressel 20,Cerro de los Pesebres,LFCCVFS,Corduba
26743,37.752937,-5.211861,Dressel 20,Cerro de los Pesebres,LFCCVFS,Corduba
26744,37.752937,-5.211861,Dressel 20,Cerro de los Pesebres,LFCCVFS,Corduba
26745,37.752937,-5.211861,Dressel 20,Cerro de los Pesebres,LFCCVFS,Corduba
26746,37.752937,-5.211861,Dressel 20,Cerro de los Pesebres,LFCCVFS,Corduba
26747,37.752937,-5.211861,Dressel 20,Cerro de los Pesebres,LFCCVFS,Corduba
26748,37.752937,-5.211861,Dressel 20,Cerro de los Pesebres,LFCCVFS,Corduba
26749,37.752937,-5.211861,Dressel 20,Cerro de los Pesebres,LFCCVFS,Corduba
26750,37.752937,-5.211861,Dressel 20,Cerro de los Pesebres,LFCCVFS,Corduba
26939,37.752937,-5.211861,Dressel 20,Cerro de los Pesebres,ROM,Corduba
843,37.752937,-5.211861,Dressel 20,Cerro de los Pesebres,MCC,Corduba
853,37.752937,-5.211861,Dressel 20,Cerro de los Pesebres,LFCCVFS,Corduba
854,37.752937,-5.211861,Dressel 20,Cerro de los Pesebres,LFCCVFS,Corduba
855,37.752937,-5.211861,Dressel 20,Cerro de los Pesebres,LFCCVFS,Corduba
856,37.752937,-5.211861,Dressel 20,Cerro de los Pesebres,LFCCVFS,Corduba
857,37.752937,-5.211861,Dressel 20,Cerro de los Pesebres,LFCCVFS,Corduba
858,37.752937,-5.211861,Dressel 20,Cerro de los Pesebres,LFCCVFS,Corduba
860,37.752937,-5.211861,Dressel 20,Cerro de los Pesebres,LFCCVFS,Corduba
861,37.752937,-5.211861,Dressel 20,Cerro de los Pesebres,LFCCVFS,Corduba
862,37.752937,-5.211861,Dressel 20,Cerro de los Pesebres,LFCCVFS,Corduba
863,37.752937,-5.211861,Dressel 20,Cerro de los Pesebres,LFCCVFS,Corduba
864,37.752937,-5.211861,Dressel 20,Cerro de los Pesebres,LFCCVFS,Corduba
865,37.752937,-5.211861,Dressel 20,Cerro de los Pesebres,LFCCVFS,Corduba
866,37.752937,-5.211861,Dressel 20,Cerro de los Pesebres,LFCCVFS,Corduba
867,37.752937,-5.211861,Dressel 20,Cerro de los Pesebres,LFCCVFS,Corduba
868,37.752937,-5.211861,Dressel 20,Cerro de los Pesebres,LFCCVFS,Corduba
869,37.752937,-5.211861,Dressel 20,Cerro de los Pesebres,LFCCVFS,Corduba
870,37.752937,-5.211861,Dressel 20,Cerro de los Pesebres,LFCCVFS,Corduba
895,37.752937,-5.211861,Dressel 20,Cerro de los Pesebres,LAL,Corduba
907,37.752937,-5.211861,Dressel 20,Cerro de los Pesebres,S,Corduba
11531,37.762993,-5.199238,Dressel 20,Villacisneros,LFCCVFS,Corduba
11527,37.762993,-5.199238,Dressel 20,Villacisneros,LFFG,Corduba
11528,37.762993,-5.199238,Dressel 20,Villacisneros,LFCCVFS,Corduba
11530,37.762993,-5.199238,Dressel 20,Villacisneros,LFCCVFS,Corduba
11532,37.762993,-5.199238,Dressel 20,Villacisneros,LFFC,Corduba
11533,37.762993,-5.199238,Dressel 20,Villacisneros,LFFG,Corduba
11534,37.762993,-5.199238,Dressel 20,Villacisneros,LFFG,Corduba
11535,37.762993,-5.199238,Dressel 20,Villacisneros,LFFG,Corduba
11536,37.762993,-5.199238,Dressel 20,Villacisneros,LFFC,Corduba
11537,37.762993,-5.199238,Dressel 20,Villacisneros,LFFC,Corduba
11538,37.762993,-5.199238,Dressel 20,Villacisneros,LFFG,Corduba
11539,37.762993,-5.199238,Dressel 20,Villacisneros,FMFP,Corduba
12272,37.762993,-5.199238,Dressel 20,Villacisneros,LFFG,Corduba
11524,37.762993,-5.199238,Dressel 20,Villacisneros,PMOCVFIGEDO,Corduba
11525,37.762993,-5.199238,Dressel 20,Villacisneros,LFFC,Corduba
11526,37.762993,-5.199238,Dressel 20,Villacisneros,LFFC,Corduba
12207,37.764991,-5.1175752,Dressel 20,La Dehesilla,CVVA,Corduba
12208,37.764991,-5.1175752,Dressel 20,La Dehesilla,VAR,Corduba
12209,37.764991,-5.1175752,Dressel 20,La Dehesilla,AEFCA,Corduba
12211,37.764991,-5.1175752,Dressel 20,La Dehesilla,NICEFVAR,Corduba
12212,37.764991,-5.1175752,Dressel 20,La Dehesilla,AATF,Corduba
12216,37.764991,-5.1175752,Dressel 20,La Dehesilla,MC,Corduba
12217,37.764991,-5.1175752,Dressel 20,La Dehesilla,CCNS,Corduba
12218,37.764991,-5.1175752,Dressel 20,La Dehesilla,FCVCVM,Corduba
12219,37.764991,-5.1175752,Dressel 20,La Dehesilla,ME,Corduba
12220,37.764991,-5.1175752,Dressel 20,La Dehesilla,LFCFM,Corduba
12221,37.764991,-5.1175752,Dressel 20,La Dehesilla,FC,Corduba
12222,37.764991,-5.1175752,Dressel 20,La Dehesilla,CCNS,Corduba
12223,37.764991,-5.1175752,Dressel 20,La Dehesilla,CCNS,Corduba
12224,37.764991,-5.1175752,Dressel 20,La Dehesilla,CCNS,Corduba
12225,37.764991,-5.1175752,Dressel 20,La Dehesilla,CCNS,Corduba
12226,37.764991,-5.1175752,Dressel 20,La Dehesilla,CCNS,Corduba
12227,37.764991,-5.1175752,Dressel 20,La Dehesilla,FCVCVM,Corduba
12228,37.764991,-5.1175752,Dressel 20,La Dehesilla,FCVCVM,Corduba
12229,37.764991,-5.1175752,Dressel 20,La Dehesilla,FCVCVM,Corduba
12230,37.764991,-5.1175752,Dressel 20,La Dehesilla,FCVCVM,Corduba
12231,37.764991,-5.1175752,Dressel 20,La Dehesilla,FCVCVM,Corduba
12232,37.764991,-5.1175752,Dressel 20,La Dehesilla,FCVCVM,Corduba
12233,37.764991,-5.1175752,Dressel 20,La Dehesilla,FCVCVM,Corduba
12234,37.764991,-5.1175752,Dressel 20,La Dehesilla,FCVCVM,Corduba
12235,37.764991,-5.1175752,Dressel 20,La Dehesilla,CVVA,Corduba
12236,37.764991,-5.1175752,Dressel 20,La Dehesilla,CVVA,Corduba
12238,37.764991,-5.1175752,Dressel 20,La Dehesilla,VAR,Corduba
12809,37.764991,-5.1175752,Dressel 20,La Dehesilla,LFCCV,Corduba
12817,37.766491,-5.125061,Dressel 20,Picachos,LFCCVFS,Corduba
11821,37.766491,-5.125061,Dressel 20,Barranco del Picacho,FCVCVM,Corduba
11822,37.766491,-5.125061,Dressel 20,Barranco del Picacho,NICEFVAR,Corduba
11823,37.766491,-5.125061,Dressel 20,Barranco del Picacho,VAR,Corduba
11824,37.766491,-5.125061,Dressel 20,Barranco del Picacho,VAR,Corduba
11825,37.766491,-5.125061,Dressel 20,Barranco del Picacho,VAR,Corduba
11827,37.766491,-5.125061,Dressel 20,Barranco del Picacho,LFC,Corduba
11830,37.766491,-5.125061,Dressel 20,Barranco del Picacho,ME,Corduba
11831,37.766491,-5.125061,Dressel 20,Barranco del Picacho,ME,Corduba
11832,37.766491,-5.125061,Dressel 20,Barranco del Picacho,FCVCVM,Corduba
11833,37.766491,-5.125061,Dressel 20,Barranco del Picacho,FCVCVM,Corduba
11835,37.766491,-5.125061,Dressel 20,Barranco del Picacho,FCVCVM,Corduba
11836,37.766491,-5.125061,Dressel 20,Barranco del Picacho,CCNS,Corduba
11837,37.766491,-5.125061,Dressel 20,Barranco del Picacho,CCNS,Corduba
11838,37.766491,-5.125061,Dressel 20,Barranco del Picacho,CCNS,Corduba
12239,37.766491,-5.125061,Dressel 20,Picachos,AEFCA,Corduba
12246,37.766491,-5.125061,Dressel 20,Picachos,CFSCVFM,Corduba
12248,37.766491,-5.125061,Dressel 20,Picachos,CFSCVFM,Corduba
12250,37.766491,-5.125061,Dressel 20,Picachos,LFCFM,Corduba
13264,37.766491,-5.125061,Dressel 20,Picachos,LFCCVFS,Corduba
13265,37.766491,-5.125061,Dressel 20,Picachos,LFCCVFS,Corduba
11858,37.768423,-5.1649925,Dressel 20,Casa del Encinarejo,LFFC,Corduba
11859,37.768423,-5.1649925,Dressel 20,Casa del Encinarejo,LFFC,Corduba
11860,37.768423,-5.1649925,Dressel 20,Casa del Encinarejo,LFFG,Corduba
11861,37.768423,-5.1649925,Dressel 20,Casa del Encinarejo,LFFG,Corduba
11862,37.768423,-5.1649925,Dressel 20,Casa del Encinarejo,LFFG,Corduba
11863,37.768423,-5.1649925,Dressel 20,Casa del Encinarejo,LFFG,Corduba
11864,37.768423,-5.1649925,Dressel 20,Casa del Encinarejo,LFFG,Corduba
11865,37.768423,-5.1649925,Dressel 20,Casa del Encinarejo,LFFG,Corduba
11866,37.768423,-5.1649925,Dressel 20,Casa del Encinarejo,LFFG,Corduba
11867,37.768423,-5.1649925,Dressel 20,Casa del Encinarejo,LFFG,Corduba
11868,37.768423,-5.1649925,Dressel 20,Casa del Encinarejo,LFFG,Corduba
11869,37.768423,-5.1649925,Dressel 20,Casa del Encinarejo,LFFG,Corduba
11870,37.768423,-5.1649925,Dressel 20,Casa del Encinarejo,LFFC,Corduba
11871,37.768423,-5.1649925,Dressel 20,Casa del Encinarejo,LFFC,Corduba
11872,37.768423,-5.1649925,Dressel 20,Casa del Encinarejo,LFFG,Corduba
11873,37.768423,-5.1649925,Dressel 20,Casa del Encinarejo,LFFG,Corduba
11874,37.768423,-5.1649925,Dressel 20,Casa del Encinarejo,LFFG,Corduba
11875,37.768423,-5.1649925,Dressel 20,Casa del Encinarejo,LFFG,Corduba
12268,37.768423,-5.1649925,Dressel 20,Casa del Encinarejo,LFFG,Corduba
12269,37.768423,-5.1649925,Dressel 20,Casa del Encinarejo,LFFG,Corduba
12270,37.768423,-5.1649925,Dressel 20,Casa del Encinarejo,LFFG,Corduba
12271,37.768423,-5.1649925,Dressel 20,Casa del Encinarejo,LFFC,Corduba
11382,37.769188,-5.112333,Dressel 20,Cortijo de Romero,LFCCV,Corduba
11620,37.772275,-5.162394,Dressel 20,La Corregidora,PMOCVFIGEDO,Corduba
11624,37.772275,-5.162394,Dressel 20,La Corregidora,PMOCVFIGEDO,Corduba
11625,37.772275,-5.162394,Dressel 20,La Corregidora,PMOCVFIGEDO,Corduba
11626,37.772275,-5.162394,Dressel 20,La Corregidora,PMOCVFIGEDO,Corduba
11627,37.772275,-5.162394,Dressel 20,La Corregidora,PMOCVFIGEDO,Corduba
11628,37.772275,-5.162394,Dressel 20,La Corregidora,PMOCVFIGEDO,Corduba
11629,37.772275,-5.162394,Dressel 20,La Corregidora,PMOCVFIGEDO,Corduba
12254,37.772275,-5.162394,Dressel 20,La Corregidora,PMOCVFIGEDO,Corduba
12261,37.772275,-5.162394,Dressel 20,La Corregidora,PMOCVFIGEDO,Corduba
12262,37.772275,-5.162394,Dressel 20,La Corregidora,PMOCVFIGEDO,Corduba
12263,37.772275,-5.162394,Dressel 20,La Corregidora,PMOCVFIGEDO,Corduba
12813,37.772275,-5.162394,Dressel 20,La Corregidora,PMOCVFIGEDO,Corduba
11641,37.780204,-5.109427,Dressel 20,La Estrella,LFC,Corduba
11642,37.780204,-5.109427,Dressel 20,La Estrella,FCVCVM,Corduba
12203,37.780204,-5.109427,Dressel 20,La Estrella,AATF,Corduba
12204,37.780204,-5.109427,Dressel 20,La Estrella,CCNS,Corduba
12205,37.780204,-5.109427,Dressel 20,La Estrella,FIGCEP,Corduba
12206,37.780204,-5.109427,Dressel 20,La Estrella,CVVA,Corduba
12802,37.780204,-5.109427,Dressel 20,Antonio Serrano,GDEC,Corduba
12803,37.780204,-5.109427,Dressel 20,La Estrella,GDEC,Corduba
11841,37.785936,-5.185289,Dressel 20,La Umbría de Moratalla,FMFP,Corduba
11842,37.785936,-5.185289,Dressel 20,La Umbría de Moratalla,FMFP,Corduba
11843,37.785936,-5.185289,Dressel 20,La Umbría de Moratalla,FMFP,Corduba
11844,37.785936,-5.185289,Dressel 20,La Umbría de Moratalla,FMFP,Corduba
11845,37.785936,-5.185289,Dressel 20,La Umbría de Moratalla,FMFP,Corduba
11893,37.785936,-5.185289,Dressel 20,La Umbría de Moratalla,CERC,Corduba
11654,37.796848,-5.030238,Dressel 20,Villaseca,CERC,Corduba
11655,37.796848,-5.030238,Dressel 20,Villaseca,CERC,Corduba
11661,37.796848,-5.030238,Dressel 20,Villaseca,CAERARI,Corduba
11895,37.796848,-5.030238,Dressel 20,Almodóvar,CAERARI,Corduba
11908,37.796848,-5.030238,Dressel 20,Almodóvar,THALI,Corduba
11909,37.796848,-5.030238,Dressel 20,Almodóvar,THALI,Corduba
11910,37.796848,-5.030238,Dressel 20,Almodóvar,THALI,Corduba
12184,37.796848,-5.030238,Dressel 20,Villaseca,THALI,Corduba
7191,37.796848,-5.030238,Dressel 20,Villaseca,CERC,Corduba
7192,37.796848,-5.030238,Dressel 20,Villaseca,CERC,Corduba
7193,37.796848,-5.030238,Dressel 20,Villaseca,CERC,Corduba
7194,37.796848,-5.030238,Dressel 20,Villaseca,CERC,Corduba
7200,37.796848,-5.030238,Dressel 20,Villaseca,THALI,Corduba
12181,37.798128,-4.995348,Dressel 20,Rodriguillo,CAP,Corduba
11597,37.80185,-5.072722,Dressel 20,Mingaobez,MATDFMARSIANESSES,Corduba
11599,37.80185,-5.072722,Dressel 20,Mingaobez,MATDFMARSIANESSES,Corduba
11603,37.80185,-5.072722,Dressel 20,Mingaobez,MATDFMARSIANESSES,Corduba
11604,37.80185,-5.072722,Dressel 20,Mingaobez,MATDEFIGNASMARSI,Corduba
11605,37.80185,-5.072722,Dressel 20,Mingaobez,MATDEFIGNASMARSI,Corduba
11606,37.80185,-5.072722,Dressel 20,Mingaobez,MATDEFIGNASMARSI,Corduba
11609,37.80185,-5.072722,Dressel 20,Mingaobez,MAEMILIPLACIDI,Corduba
12177,37.805715,-4.983746,Dressel 20,Cortijo Nuevo,PRIS,Corduba
28180,37.805715,-4.983746,Dressel 20,Cortijo Nuevo,PRIS,Corduba
11582,37.806796,-5.084004,Dressel 20,Dehesa de Arriba,MAEMILIPLACIDI,Corduba
11786,37.807868,-4.955052,Dressel 20,El Temple (Este),CAP,Corduba
11787,37.807868,-4.955052,Dressel 20,El Temple (Este),CIVLIBAR,Corduba
11802,37.807868,-4.955052,Dressel 20,El Temple (Este),CAP,Corduba
11803,37.807868,-4.955052,Dressel 20,El Temple (Este),CAP,Corduba
11804,37.807868,-4.955052,Dressel 20,El Temple (Este),CAP,Corduba
11805,37.807868,-4.955052,Dressel 20,El Temple (Este),CAP,Corduba
11806,37.807868,-4.955052,Dressel 20,El Temple (Este),CAP,Corduba
11807,37.807868,-4.955052,Dressel 20,El Temple (Este),CAP,Corduba
11808,37.807868,-4.955052,Dressel 20,El Temple (Este),CAP,Corduba
11812,37.807868,-4.955052,Dressel 20,El Temple (Este),FELIC,Corduba
11815,37.807868,-4.955052,Dressel 20,El Temple (Este),NICXIII,Corduba
12031,37.807868,-4.955052,Dressel 20,El Temple (Este),CAP,Corduba
11756,37.809123,-4.967047,Dressel 20,El Temple,SAES,Corduba
11775,37.809123,-4.967047,Dressel 20,El Temple,PRIS,Corduba
12088,37.809123,-4.967047,Dressel 20,El Temple,NICXIII,Corduba
12089,37.809123,-4.967047,Dressel 20,El Temple,PRIS,Corduba
12167,37.809123,-4.967047,Dressel 20,El Temple,NICXIII,Corduba
12168,37.809123,-4.967047,Dressel 20,El Temple,NICXIII,Corduba
11644,37.812729,-5.051238,Dressel 20,Guadiato,CIVLIBAR,Corduba
11645,37.812729,-5.051238,Dressel 20,Guadiato,CIVLIBAR,Corduba
11646,37.812729,-5.051238,Dressel 20,Guadiato,CIVLIBAR,Corduba
12799,37.812729,-5.051238,Dressel 20,Guadiato,CIVLIBAR,Corduba
12800,37.812729,-5.051238,Dressel 20,Guadiato,CIVLIBAR,Corduba
13257,37.812729,-5.051238,Dressel 20,Guadiato,CIVLIBAR,Corduba
13258,37.812729,-5.051238,Dressel 20,Guadiato,CIVLIBAR,Corduba
13259,37.812729,-5.051238,Dressel 20,Guadiato,CIVLIBAR,Corduba
13260,37.812729,-5.051238,Dressel 20,Guadiato,CIVLIBAR,Corduba
28436,37.812729,-5.051238,Dressel 20,Guadiato,CIVLIBAR,Corduba
